timestamp,action,user,permit_id,details,blockchain_hash
2024-03-20T10:00:00Z,PERMIT_CREATED,contractor@example.com,PERMIT-001,"Created new ERRCS permit for Main Street Office Building","0x1234abcd..."
2024-03-20T10:01:00Z,DOCUMENT_UPLOADED,contractor@example.com,PERMIT-001,"Uploaded ERRCS specifications","0x5678efgh..."
2024-03-20T10:02:00Z,DOCUMENT_UPLOADED,contractor@example.com,PERMIT-001,"Uploaded floor plans","0x9012ijkl..."
2024-03-20T10:03:00Z,PERMIT_SUBMITTED,contractor@example.com,PERMIT-001,"Submitted for review","0x3456mnop..."
2024-03-20T10:04:00Z,AI_ANALYSIS_STARTED,system,PERMIT-001,"Started AI compliance check","0x7890qrst..."
2024-03-20T10:05:00Z,AI_ANALYSIS_COMPLETED,system,PERMIT-001,"Found 2 compliance issues: Missing battery backup specs, Missing signal strength calculations","0xuvwx1234..."
2024-03-20T10:06:00Z,PERMIT_REJECTED,inspector@city.gov,PERMIT-001,"Rejected: Missing battery backup specifications and signal strength calculations","0x5678abcd..."
2024-03-20T10:07:00Z,DOCUMENT_UPLOADED,contractor@example.com,PERMIT-001,"Uploaded revised ERRCS specifications with battery backup details","0x9012efgh..."
2024-03-20T10:08:00Z,PERMIT_RESUBMITTED,contractor@example.com,PERMIT-001,"Resubmitted with revised specifications","0x3456ijkl..."
2024-03-20T10:09:00Z,AI_ANALYSIS_STARTED,system,PERMIT-001,"Started AI compliance check on revised documents","0x7890mnop..."
2024-03-20T10:10:00Z,AI_ANALYSIS_COMPLETED,system,PERMIT-001,"All compliance requirements met","0xqrst1234..."
2024-03-20T10:11:00Z,PERMIT_APPROVED,inspector@city.gov,PERMIT-001,"Approved: All requirements met","0xabcd5678..."
2024-03-20T10:12:00Z,BLOCKCHAIN_CONFIRMED,system,PERMIT-001,"Permit approval recorded on blockchain","0xefgh9012..."
2024-03-20T10:13:00Z,AUDIT_LOG_EXPORTED,inspector@city.gov,PERMIT-001,"Exported complete permit audit trail","0xijkl3456..." 